{"classes": [
    {
        "profName": "Tracy Kion",
        "assignments": [
            {
                "assignmentDueDate": {"dueDate": [
                    {
                        "month": 10,
                        "hour": 11,
                        "year": 2021,
                        "day": 18,
                        "minute": 59
                    },
                    {
                        "month": 10,
                        "hour": 11,
                        "year": 2021,
                        "day": 18,
                        "minute": 59
                    }
                ]},
                "description": "",
                "progression": 0,
                "assignmentName": "Quiz 5"
            },
            {
                "assignmentDueDate": {"dueDate": [
                    {
                        "month": 10,
                        "hour": 11,
                        "year": 2021,
                        "day": 30,
                        "minute": 59
                    },
                    {
                        "month": 10,
                        "hour": 11,
                        "year": 2021,
                        "day": 30,
                        "minute": 59
                    }
                ]},
                "description": "",
                "progression": 0,
                "assignmentName": "Quiz 6"
            },
            {
                "assignmentDueDate": {"dueDate": [
                    {
                        "month": 10,
                        "hour": 8,
                        "year": 2021,
                        "day": 30,
                        "minute": 50
                    },
                    {
                        "month": 10,
                        "hour": 8,
                        "year": 2021,
                        "day": 30,
                        "minute": 50
                    }
                ]},
                "description": "",
                "progression": 0,
                "assignmentName": "CS #4: Pre-lecture quiz"
            },
            {
                "assignmentDueDate": {"dueDate": [
                    {
                        "month": 11,
                        "hour": 11,
                        "year": 2021,
                        "day": 2,
                        "minute": 59
                    },
                    {
                        "month": 11,
                        "hour": 11,
                        "year": 2021,
                        "day": 2,
                        "minute": 59
                    }
                ]},
                "description": "",
                "progression": 0,
                "assignmentName": "CS#4: Post-lecture quiz"
            }
        ],
        "exams": [{
            "examDate": {"dueDate": [
                {
                    "month": 11,
                    "hour": 0,
                    "year": 2021,
                    "day": 20,
                    "minute": 0
                },
                {
                    "month": 11,
                    "hour": 2,
                    "year": 2021,
                    "day": 20,
                    "minute": 0
                }
            ]},
            "examName": "MICB 302 Final",
            "weight": 45
        }],
        "className": "MICB 302",
        "classTimes": [
            {"dueDate": [
                {
                    "month": 8,
                    "hour": 9,
                    "year": 2021,
                    "day": 8,
                    "minute": 0
                },
                {
                    "month": 8,
                    "hour": 10,
                    "year": 2021,
                    "day": 8,
                    "minute": 0
                }
            ]},
            {"dueDate": [
                {
                    "month": 8,
                    "hour": 9,
                    "year": 2021,
                    "day": 10,
                    "minute": 0
                },
                {
                    "month": 8,
                    "hour": 10,
                    "year": 2021,
                    "day": 10,
                    "minute": 0
                }
            ]},
            {"dueDate": [
                {
                    "month": 8,
                    "hour": 9,
                    "year": 2021,
                    "day": 13,
                    "minute": 0
                },
                {
                    "month": 8,
                    "hour": 10,
                    "year": 2021,
                    "day": 13,
                    "minute": 0
                }
            ]},
            {"dueDate": [
                {
                    "month": 8,
                    "hour": 9,
                    "year": 2021,
                    "day": 15,
                    "minute": 0
                },
                {
                    "month": 8,
                    "hour": 10,
                    "year": 2021,
                    "day": 15,
                    "minute": 0
                }
            ]},
            {"dueDate": [
                {
                    "month": 8,
                    "hour": 9,
                    "year": 2021,
                    "day": 17,
                    "minute": 0
                },
                {
                    "month": 8,
                    "hour": 10,
                    "year": 2021,
                    "day": 17,
                    "minute": 0
                }
            ]},
            {"dueDate": [
                {
                    "month": 8,
                    "hour": 9,
                    "year": 2021,
                    "day": 20,
                    "minute": 0
                },
                {
                    "month": 8,
                    "hour": 10,
                    "year": 2021,
                    "day": 20,
                    "minute": 0
                }
            ]},
            {"dueDate": [
                {
                    "month": 8,
                    "hour": 9,
                    "year": 2021,
                    "day": 22,
                    "minute": 0
                },
                {
                    "month": 8,
                    "hour": 10,
                    "year": 2021,
                    "day": 22,
                    "minute": 0
                }
            ]},
            {"dueDate": [
                {
                    "month": 8,
                    "hour": 9,
                    "year": 2021,
                    "day": 24,
                    "minute": 0
                },
                {
                    "month": 8,
                    "hour": 10,
                    "year": 2021,
                    "day": 24,
                    "minute": 0
                }
            ]},
            {"dueDate": [
                {
                    "month": 8,
                    "hour": 9,
                    "year": 2021,
                    "day": 27,
                    "minute": 0
                },
                {
                    "month": 8,
                    "hour": 10,
                    "year": 2021,
                    "day": 27,
                    "minute": 0
                }
            ]},
            {"dueDate": [
                {
                    "month": 8,
                    "hour": 9,
                    "year": 2021,
                    "day": 29,
                    "minute": 0
                },
                {
                    "month": 8,
                    "hour": 10,
                    "year": 2021,
                    "day": 29,
                    "minute": 0
                }
            ]},
            {"dueDate": [
                {
                    "month": 9,
                    "hour": 9,
                    "year": 2021,
                    "day": 1,
                    "minute": 0
                },
                {
                    "month": 9,
                    "hour": 10,
                    "year": 2021,
                    "day": 1,
                    "minute": 0
                }
            ]},
            {"dueDate": [
                {
                    "month": 9,
                    "hour": 9,
                    "year": 2021,
                    "day": 4,
                    "minute": 0
                },
                {
                    "month": 9,
                    "hour": 10,
                    "year": 2021,
                    "day": 4,
                    "minute": 0
                }
            ]},
            {"dueDate": [
                {
                    "month": 9,
                    "hour": 9,
                    "year": 2021,
                    "day": 6,
                    "minute": 0
                },
                {
                    "month": 9,
                    "hour": 10,
                    "year": 2021,
                    "day": 6,
                    "minute": 0
                }
            ]},
            {"dueDate": [
                {
                    "month": 9,
                    "hour": 9,
                    "year": 2021,
                    "day": 8,
                    "minute": 0
                },
                {
                    "month": 9,
                    "hour": 10,
                    "year": 2021,
                    "day": 8,
                    "minute": 0
                }
            ]},
            {"dueDate": [
                {
                    "month": 9,
                    "hour": 9,
                    "year": 2021,
                    "day": 11,
                    "minute": 0
                },
                {
                    "month": 9,
                    "hour": 10,
                    "year": 2021,
                    "day": 11,
                    "minute": 0
                }
            ]},
            {"dueDate": [
                {
                    "month": 9,
                    "hour": 9,
                    "year": 2021,
                    "day": 13,
                    "minute": 0
                },
                {
                    "month": 9,
                    "hour": 10,
                    "year": 2021,
                    "day": 13,
                    "minute": 0
                }
            ]},
            {"dueDate": [
                {
                    "month": 9,
                    "hour": 9,
                    "year": 2021,
                    "day": 15,
                    "minute": 0
                },
                {
                    "month": 9,
                    "hour": 10,
                    "year": 2021,
                    "day": 15,
                    "minute": 0
                }
            ]},
            {"dueDate": [
                {
                    "month": 9,
                    "hour": 9,
                    "year": 2021,
                    "day": 18,
                    "minute": 0
                },
                {
                    "month": 9,
                    "hour": 10,
                    "year": 2021,
                    "day": 18,
                    "minute": 0
                }
            ]},
            {"dueDate": [
                {
                    "month": 9,
                    "hour": 9,
                    "year": 2021,
                    "day": 20,
                    "minute": 0
                },
                {
                    "month": 9,
                    "hour": 10,
                    "year": 2021,
                    "day": 20,
                    "minute": 0
                }
            ]},
            {"dueDate": [
                {
                    "month": 9,
                    "hour": 9,
                    "year": 2021,
                    "day": 22,
                    "minute": 0
                },
                {
                    "month": 9,
                    "hour": 10,
                    "year": 2021,
                    "day": 22,
                    "minute": 0
                }
            ]},
            {"dueDate": [
                {
                    "month": 9,
                    "hour": 9,
                    "year": 2021,
                    "day": 25,
                    "minute": 0
                },
                {
                    "month": 9,
                    "hour": 10,
                    "year": 2021,
                    "day": 25,
                    "minute": 0
                }
            ]},
            {"dueDate": [
                {
                    "month": 9,
                    "hour": 9,
                    "year": 2021,
                    "day": 27,
                    "minute": 0
                },
                {
                    "month": 9,
                    "hour": 10,
                    "year": 2021,
                    "day": 27,
                    "minute": 0
                }
            ]},
            {"dueDate": [
                {
                    "month": 9,
                    "hour": 9,
                    "year": 2021,
                    "day": 29,
                    "minute": 0
                },
                {
                    "month": 9,
                    "hour": 10,
                    "year": 2021,
                    "day": 29,
                    "minute": 0
                }
            ]},
            {"dueDate": [
                {
                    "month": 10,
                    "hour": 9,
                    "year": 2021,
                    "day": 1,
                    "minute": 0
                },
                {
                    "month": 10,
                    "hour": 10,
                    "year": 2021,
                    "day": 1,
                    "minute": 0
                }
            ]},
            {"dueDate": [
                {
                    "month": 10,
                    "hour": 9,
                    "year": 2021,
                    "day": 3,
                    "minute": 0
                },
                {
                    "month": 10,
                    "hour": 10,
                    "year": 2021,
                    "day": 3,
                    "minute": 0
                }
            ]},
            {"dueDate": [
                {
                    "month": 10,
                    "hour": 9,
                    "year": 2021,
                    "day": 5,
                    "minute": 0
                },
                {
                    "month": 10,
                    "hour": 10,
                    "year": 2021,
                    "day": 5,
                    "minute": 0
                }
            ]},
            {"dueDate": [
                {
                    "month": 10,
                    "hour": 9,
                    "year": 2021,
                    "day": 8,
                    "minute": 0
                },
                {
                    "month": 10,
                    "hour": 10,
                    "year": 2021,
                    "day": 8,
                    "minute": 0
                }
            ]},
            {"dueDate": [
                {
                    "month": 10,
                    "hour": 9,
                    "year": 2021,
                    "day": 10,
                    "minute": 0
                },
                {
                    "month": 10,
                    "hour": 10,
                    "year": 2021,
                    "day": 10,
                    "minute": 0
                }
            ]},
            {"dueDate": [
                {
                    "month": 10,
                    "hour": 9,
                    "year": 2021,
                    "day": 12,
                    "minute": 0
                },
                {
                    "month": 10,
                    "hour": 10,
                    "year": 2021,
                    "day": 12,
                    "minute": 0
                }
            ]},
            {"dueDate": [
                {
                    "month": 10,
                    "hour": 9,
                    "year": 2021,
                    "day": 15,
                    "minute": 0
                },
                {
                    "month": 10,
                    "hour": 10,
                    "year": 2021,
                    "day": 15,
                    "minute": 0
                }
            ]},
            {"dueDate": [
                {
                    "month": 10,
                    "hour": 9,
                    "year": 2021,
                    "day": 17,
                    "minute": 0
                },
                {
                    "month": 10,
                    "hour": 10,
                    "year": 2021,
                    "day": 17,
                    "minute": 0
                }
            ]},
            {"dueDate": [
                {
                    "month": 10,
                    "hour": 9,
                    "year": 2021,
                    "day": 19,
                    "minute": 0
                },
                {
                    "month": 10,
                    "hour": 10,
                    "year": 2021,
                    "day": 19,
                    "minute": 0
                }
            ]},
            {"dueDate": [
                {
                    "month": 10,
                    "hour": 9,
                    "year": 2021,
                    "day": 22,
                    "minute": 0
                },
                {
                    "month": 10,
                    "hour": 10,
                    "year": 2021,
                    "day": 22,
                    "minute": 0
                }
            ]},
            {"dueDate": [
                {
                    "month": 10,
                    "hour": 9,
                    "year": 2021,
                    "day": 24,
                    "minute": 0
                },
                {
                    "month": 10,
                    "hour": 10,
                    "year": 2021,
                    "day": 24,
                    "minute": 0
                }
            ]},
            {"dueDate": [
                {
                    "month": 10,
                    "hour": 9,
                    "year": 2021,
                    "day": 26,
                    "minute": 0
                },
                {
                    "month": 10,
                    "hour": 10,
                    "year": 2021,
                    "day": 26,
                    "minute": 0
                }
            ]},
            {"dueDate": [
                {
                    "month": 10,
                    "hour": 9,
                    "year": 2021,
                    "day": 29,
                    "minute": 0
                },
                {
                    "month": 10,
                    "hour": 10,
                    "year": 2021,
                    "day": 29,
                    "minute": 0
                }
            ]},
            {"dueDate": [
                {
                    "month": 11,
                    "hour": 9,
                    "year": 2021,
                    "day": 1,
                    "minute": 0
                },
                {
                    "month": 11,
                    "hour": 10,
                    "year": 2021,
                    "day": 1,
                    "minute": 0
                }
            ]},
            {"dueDate": [
                {
                    "month": 11,
                    "hour": 9,
                    "year": 2021,
                    "day": 3,
                    "minute": 0
                },
                {
                    "month": 11,
                    "hour": 10,
                    "year": 2021,
                    "day": 3,
                    "minute": 0
                }
            ]},
            {"dueDate": [
                {
                    "month": 11,
                    "hour": 9,
                    "year": 2021,
                    "day": 6,
                    "minute": 0
                },
                {
                    "month": 11,
                    "hour": 10,
                    "year": 2021,
                    "day": 6,
                    "minute": 0
                }
            ]},
            {"dueDate": [
                {
                    "month": 11,
                    "hour": 9,
                    "year": 2021,
                    "day": 8,
                    "minute": 0
                },
                {
                    "month": 11,
                    "hour": 10,
                    "year": 2021,
                    "day": 8,
                    "minute": 0
                }
            ]},
            {"dueDate": [
                {
                    "month": 11,
                    "hour": 9,
                    "year": 2021,
                    "day": 10,
                    "minute": 0
                },
                {
                    "month": 11,
                    "hour": 10,
                    "year": 2021,
                    "day": 10,
                    "minute": 0
                }
            ]},
            {"dueDate": [
                {
                    "month": 11,
                    "hour": 9,
                    "year": 2021,
                    "day": 13,
                    "minute": 0
                },
                {
                    "month": 11,
                    "hour": 10,
                    "year": 2021,
                    "day": 13,
                    "minute": 0
                }
            ]}
        ]
    },
    {
        "profName": "William Mohn",
        "assignments": [
            {
                "assignmentDueDate": {"dueDate": [
                    {
                        "month": 10,
                        "hour": 11,
                        "year": 2021,
                        "day": 23,
                        "minute": 59
                    },
                    {
                        "month": 10,
                        "hour": 11,
                        "year": 2021,
                        "day": 23,
                        "minute": 59
                    }
                ]},
                "description": "",
                "progression": 0,
                "assignmentName": "Practice Quiz 8"
            },
            {
                "assignmentDueDate": {"dueDate": [
                    {
                        "month": 10,
                        "hour": 11,
                        "year": 2021,
                        "day": 30,
                        "minute": 59
                    },
                    {
                        "month": 10,
                        "hour": 11,
                        "year": 2021,
                        "day": 30,
                        "minute": 59
                    }
                ]},
                "description": "",
                "progression": 0,
                "assignmentName": "Practice Quiz 9"
            }
        ],
        "exams": [{
            "examDate": {"dueDate": [
                {
                    "month": 11,
                    "hour": 3,
                    "year": 2021,
                    "day": 13,
                    "minute": 30
                },
                {
                    "month": 11,
                    "hour": 5,
                    "year": 2021,
                    "day": 13,
                    "minute": 30
                }
            ]},
            "examName": "MICB 301 Final",
            "weight": 45
        }],
        "className": "MICB 301",
        "classTimes": [
            {"dueDate": [
                {
                    "month": 8,
                    "hour": 10,
                    "year": 2021,
                    "day": 8,
                    "minute": 0
                },
                {
                    "month": 8,
                    "hour": 11,
                    "year": 2021,
                    "day": 8,
                    "minute": 0
                }
            ]},
            {"dueDate": [
                {
                    "month": 8,
                    "hour": 10,
                    "year": 2021,
                    "day": 10,
                    "minute": 0
                },
                {
                    "month": 8,
                    "hour": 11,
                    "year": 2021,
                    "day": 10,
                    "minute": 0
                }
            ]},
            {"dueDate": [
                {
                    "month": 8,
                    "hour": 10,
                    "year": 2021,
                    "day": 13,
                    "minute": 0
                },
                {
                    "month": 8,
                    "hour": 11,
                    "year": 2021,
                    "day": 13,
                    "minute": 0
                }
            ]},
            {"dueDate": [
                {
                    "month": 8,
                    "hour": 10,
                    "year": 2021,
                    "day": 15,
                    "minute": 0
                },
                {
                    "month": 8,
                    "hour": 11,
                    "year": 2021,
                    "day": 15,
                    "minute": 0
                }
            ]},
            {"dueDate": [
                {
                    "month": 8,
                    "hour": 10,
                    "year": 2021,
                    "day": 17,
                    "minute": 0
                },
                {
                    "month": 8,
                    "hour": 11,
                    "year": 2021,
                    "day": 17,
                    "minute": 0
                }
            ]},
            {"dueDate": [
                {
                    "month": 8,
                    "hour": 10,
                    "year": 2021,
                    "day": 20,
                    "minute": 0
                },
                {
                    "month": 8,
                    "hour": 11,
                    "year": 2021,
                    "day": 20,
                    "minute": 0
                }
            ]},
            {"dueDate": [
                {
                    "month": 8,
                    "hour": 10,
                    "year": 2021,
                    "day": 22,
                    "minute": 0
                },
                {
                    "month": 8,
                    "hour": 11,
                    "year": 2021,
                    "day": 22,
                    "minute": 0
                }
            ]},
            {"dueDate": [
                {
                    "month": 8,
                    "hour": 10,
                    "year": 2021,
                    "day": 24,
                    "minute": 0
                },
                {
                    "month": 8,
                    "hour": 11,
                    "year": 2021,
                    "day": 24,
                    "minute": 0
                }
            ]},
            {"dueDate": [
                {
                    "month": 8,
                    "hour": 10,
                    "year": 2021,
                    "day": 27,
                    "minute": 0
                },
                {
                    "month": 8,
                    "hour": 11,
                    "year": 2021,
                    "day": 27,
                    "minute": 0
                }
            ]},
            {"dueDate": [
                {
                    "month": 8,
                    "hour": 10,
                    "year": 2021,
                    "day": 29,
                    "minute": 0
                },
                {
                    "month": 8,
                    "hour": 11,
                    "year": 2021,
                    "day": 29,
                    "minute": 0
                }
            ]},
            {"dueDate": [
                {
                    "month": 9,
                    "hour": 10,
                    "year": 2021,
                    "day": 1,
                    "minute": 0
                },
                {
                    "month": 9,
                    "hour": 11,
                    "year": 2021,
                    "day": 1,
                    "minute": 0
                }
            ]},
            {"dueDate": [
                {
                    "month": 9,
                    "hour": 10,
                    "year": 2021,
                    "day": 4,
                    "minute": 0
                },
                {
                    "month": 9,
                    "hour": 11,
                    "year": 2021,
                    "day": 4,
                    "minute": 0
                }
            ]},
            {"dueDate": [
                {
                    "month": 9,
                    "hour": 10,
                    "year": 2021,
                    "day": 6,
                    "minute": 0
                },
                {
                    "month": 9,
                    "hour": 11,
                    "year": 2021,
                    "day": 6,
                    "minute": 0
                }
            ]},
            {"dueDate": [
                {
                    "month": 9,
                    "hour": 10,
                    "year": 2021,
                    "day": 8,
                    "minute": 0
                },
                {
                    "month": 9,
                    "hour": 11,
                    "year": 2021,
                    "day": 8,
                    "minute": 0
                }
            ]},
            {"dueDate": [
                {
                    "month": 9,
                    "hour": 10,
                    "year": 2021,
                    "day": 11,
                    "minute": 0
                },
                {
                    "month": 9,
                    "hour": 11,
                    "year": 2021,
                    "day": 11,
                    "minute": 0
                }
            ]},
            {"dueDate": [
                {
                    "month": 9,
                    "hour": 10,
                    "year": 2021,
                    "day": 13,
                    "minute": 0
                },
                {
                    "month": 9,
                    "hour": 11,
                    "year": 2021,
                    "day": 13,
                    "minute": 0
                }
            ]},
            {"dueDate": [
                {
                    "month": 9,
                    "hour": 10,
                    "year": 2021,
                    "day": 15,
                    "minute": 0
                },
                {
                    "month": 9,
                    "hour": 11,
                    "year": 2021,
                    "day": 15,
                    "minute": 0
                }
            ]},
            {"dueDate": [
                {
                    "month": 9,
                    "hour": 10,
                    "year": 2021,
                    "day": 18,
                    "minute": 0
                },
                {
                    "month": 9,
                    "hour": 11,
                    "year": 2021,
                    "day": 18,
                    "minute": 0
                }
            ]},
            {"dueDate": [
                {
                    "month": 9,
                    "hour": 10,
                    "year": 2021,
                    "day": 20,
                    "minute": 0
                },
                {
                    "month": 9,
                    "hour": 11,
                    "year": 2021,
                    "day": 20,
                    "minute": 0
                }
            ]},
            {"dueDate": [
                {
                    "month": 9,
                    "hour": 10,
                    "year": 2021,
                    "day": 22,
                    "minute": 0
                },
                {
                    "month": 9,
                    "hour": 11,
                    "year": 2021,
                    "day": 22,
                    "minute": 0
                }
            ]},
            {"dueDate": [
                {
                    "month": 9,
                    "hour": 10,
                    "year": 2021,
                    "day": 25,
                    "minute": 0
                },
                {
                    "month": 9,
                    "hour": 11,
                    "year": 2021,
                    "day": 25,
                    "minute": 0
                }
            ]},
            {"dueDate": [
                {
                    "month": 9,
                    "hour": 10,
                    "year": 2021,
                    "day": 27,
                    "minute": 0
                },
                {
                    "month": 9,
                    "hour": 11,
                    "year": 2021,
                    "day": 27,
                    "minute": 0
                }
            ]},
            {"dueDate": [
                {
                    "month": 9,
                    "hour": 10,
                    "year": 2021,
                    "day": 29,
                    "minute": 0
                },
                {
                    "month": 9,
                    "hour": 11,
                    "year": 2021,
                    "day": 29,
                    "minute": 0
                }
            ]},
            {"dueDate": [
                {
                    "month": 10,
                    "hour": 10,
                    "year": 2021,
                    "day": 1,
                    "minute": 0
                },
                {
                    "month": 10,
                    "hour": 11,
                    "year": 2021,
                    "day": 1,
                    "minute": 0
                }
            ]},
            {"dueDate": [
                {
                    "month": 10,
                    "hour": 10,
                    "year": 2021,
                    "day": 3,
                    "minute": 0
                },
                {
                    "month": 10,
                    "hour": 11,
                    "year": 2021,
                    "day": 3,
                    "minute": 0
                }
            ]},
            {"dueDate": [
                {
                    "month": 10,
                    "hour": 10,
                    "year": 2021,
                    "day": 5,
                    "minute": 0
                },
                {
                    "month": 10,
                    "hour": 11,
                    "year": 2021,
                    "day": 5,
                    "minute": 0
                }
            ]},
            {"dueDate": [
                {
                    "month": 10,
                    "hour": 10,
                    "year": 2021,
                    "day": 8,
                    "minute": 0
                },
                {
                    "month": 10,
                    "hour": 11,
                    "year": 2021,
                    "day": 8,
                    "minute": 0
                }
            ]},
            {"dueDate": [
                {
                    "month": 10,
                    "hour": 10,
                    "year": 2021,
                    "day": 10,
                    "minute": 0
                },
                {
                    "month": 10,
                    "hour": 11,
                    "year": 2021,
                    "day": 10,
                    "minute": 0
                }
            ]},
            {"dueDate": [
                {
                    "month": 10,
                    "hour": 10,
                    "year": 2021,
                    "day": 12,
                    "minute": 0
                },
                {
                    "month": 10,
                    "hour": 11,
                    "year": 2021,
                    "day": 12,
                    "minute": 0
                }
            ]},
            {"dueDate": [
                {
                    "month": 10,
                    "hour": 10,
                    "year": 2021,
                    "day": 15,
                    "minute": 0
                },
                {
                    "month": 10,
                    "hour": 11,
                    "year": 2021,
                    "day": 15,
                    "minute": 0
                }
            ]},
            {"dueDate": [
                {
                    "month": 10,
                    "hour": 10,
                    "year": 2021,
                    "day": 17,
                    "minute": 0
                },
                {
                    "month": 10,
                    "hour": 11,
                    "year": 2021,
                    "day": 17,
                    "minute": 0
                }
            ]},
            {"dueDate": [
                {
                    "month": 10,
                    "hour": 10,
                    "year": 2021,
                    "day": 19,
                    "minute": 0
                },
                {
                    "month": 10,
                    "hour": 11,
                    "year": 2021,
                    "day": 19,
                    "minute": 0
                }
            ]},
            {"dueDate": [
                {
                    "month": 10,
                    "hour": 10,
                    "year": 2021,
                    "day": 22,
                    "minute": 0
                },
                {
                    "month": 10,
                    "hour": 11,
                    "year": 2021,
                    "day": 22,
                    "minute": 0
                }
            ]},
            {"dueDate": [
                {
                    "month": 10,
                    "hour": 10,
                    "year": 2021,
                    "day": 24,
                    "minute": 0
                },
                {
                    "month": 10,
                    "hour": 11,
                    "year": 2021,
                    "day": 24,
                    "minute": 0
                }
            ]},
            {"dueDate": [
                {
                    "month": 10,
                    "hour": 10,
                    "year": 2021,
                    "day": 26,
                    "minute": 0
                },
                {
                    "month": 10,
                    "hour": 11,
                    "year": 2021,
                    "day": 26,
                    "minute": 0
                }
            ]},
            {"dueDate": [
                {
                    "month": 10,
                    "hour": 10,
                    "year": 2021,
                    "day": 29,
                    "minute": 0
                },
                {
                    "month": 10,
                    "hour": 11,
                    "year": 2021,
                    "day": 29,
                    "minute": 0
                }
            ]},
            {"dueDate": [
                {
                    "month": 11,
                    "hour": 10,
                    "year": 2021,
                    "day": 1,
                    "minute": 0
                },
                {
                    "month": 11,
                    "hour": 11,
                    "year": 2021,
                    "day": 1,
                    "minute": 0
                }
            ]},
            {"dueDate": [
                {
                    "month": 11,
                    "hour": 10,
                    "year": 2021,
                    "day": 3,
                    "minute": 0
                },
                {
                    "month": 11,
                    "hour": 11,
                    "year": 2021,
                    "day": 3,
                    "minute": 0
                }
            ]},
            {"dueDate": [
                {
                    "month": 11,
                    "hour": 10,
                    "year": 2021,
                    "day": 6,
                    "minute": 0
                },
                {
                    "month": 11,
                    "hour": 11,
                    "year": 2021,
                    "day": 6,
                    "minute": 0
                }
            ]},
            {"dueDate": [
                {
                    "month": 11,
                    "hour": 10,
                    "year": 2021,
                    "day": 8,
                    "minute": 0
                },
                {
                    "month": 11,
                    "hour": 11,
                    "year": 2021,
                    "day": 8,
                    "minute": 0
                }
            ]},
            {"dueDate": [
                {
                    "month": 11,
                    "hour": 10,
                    "year": 2021,
                    "day": 10,
                    "minute": 0
                },
                {
                    "month": 11,
                    "hour": 11,
                    "year": 2021,
                    "day": 10,
                    "minute": 0
                }
            ]},
            {"dueDate": [
                {
                    "month": 11,
                    "hour": 10,
                    "year": 2021,
                    "day": 13,
                    "minute": 0
                },
                {
                    "month": 11,
                    "hour": 11,
                    "year": 2021,
                    "day": 13,
                    "minute": 0
                }
            ]}
        ]
    },
    {
        "profName": "Paul Carter",
        "assignments": [
            {
                "assignmentDueDate": {"dueDate": [
                    {
                        "month": 10,
                        "hour": 5,
                        "year": 2021,
                        "day": 19,
                        "minute": 0
                    },
                    {
                        "month": 10,
                        "hour": 5,
                        "year": 2021,
                        "day": 19,
                        "minute": 0
                    }
                ]},
                "description": "",
                "progression": 0,
                "assignmentName": "Phase 3"
            },
            {
                "assignmentDueDate": {"dueDate": [
                    {
                        "month": 10,
                        "hour": 5,
                        "year": 2021,
                        "day": 26,
                        "minute": 0
                    },
                    {
                        "month": 10,
                        "hour": 5,
                        "year": 2021,
                        "day": 26,
                        "minute": 0
                    }
                ]},
                "description": "",
                "progression": 0,
                "assignmentName": "Phase 4"
            }
        ],
        "exams": [{
            "examDate": {"dueDate": [
                {
                    "month": 11,
                    "hour": 0,
                    "year": 2021,
                    "day": 11,
                    "minute": 0
                },
                {
                    "month": 11,
                    "hour": 2,
                    "year": 2021,
                    "day": 11,
                    "minute": 0
                }
            ]},
            "examName": "CPSC 210 Final",
            "weight": 45
        }],
        "className": "CPSC 210",
        "classTimes": [
            {"dueDate": [
                {
                    "month": 8,
                    "hour": 3,
                    "year": 2021,
                    "day": 8,
                    "minute": 0
                },
                {
                    "month": 8,
                    "hour": 4,
                    "year": 2021,
                    "day": 8,
                    "minute": 0
                }
            ]},
            {"dueDate": [
                {
                    "month": 8,
                    "hour": 3,
                    "year": 2021,
                    "day": 10,
                    "minute": 0
                },
                {
                    "month": 8,
                    "hour": 4,
                    "year": 2021,
                    "day": 10,
                    "minute": 0
                }
            ]},
            {"dueDate": [
                {
                    "month": 8,
                    "hour": 3,
                    "year": 2021,
                    "day": 13,
                    "minute": 0
                },
                {
                    "month": 8,
                    "hour": 4,
                    "year": 2021,
                    "day": 13,
                    "minute": 0
                }
            ]},
            {"dueDate": [
                {
                    "month": 8,
                    "hour": 3,
                    "year": 2021,
                    "day": 15,
                    "minute": 0
                },
                {
                    "month": 8,
                    "hour": 4,
                    "year": 2021,
                    "day": 15,
                    "minute": 0
                }
            ]},
            {"dueDate": [
                {
                    "month": 8,
                    "hour": 3,
                    "year": 2021,
                    "day": 17,
                    "minute": 0
                },
                {
                    "month": 8,
                    "hour": 4,
                    "year": 2021,
                    "day": 17,
                    "minute": 0
                }
            ]},
            {"dueDate": [
                {
                    "month": 8,
                    "hour": 3,
                    "year": 2021,
                    "day": 20,
                    "minute": 0
                },
                {
                    "month": 8,
                    "hour": 4,
                    "year": 2021,
                    "day": 20,
                    "minute": 0
                }
            ]},
            {"dueDate": [
                {
                    "month": 8,
                    "hour": 3,
                    "year": 2021,
                    "day": 22,
                    "minute": 0
                },
                {
                    "month": 8,
                    "hour": 4,
                    "year": 2021,
                    "day": 22,
                    "minute": 0
                }
            ]},
            {"dueDate": [
                {
                    "month": 8,
                    "hour": 3,
                    "year": 2021,
                    "day": 24,
                    "minute": 0
                },
                {
                    "month": 8,
                    "hour": 4,
                    "year": 2021,
                    "day": 24,
                    "minute": 0
                }
            ]},
            {"dueDate": [
                {
                    "month": 8,
                    "hour": 3,
                    "year": 2021,
                    "day": 27,
                    "minute": 0
                },
                {
                    "month": 8,
                    "hour": 4,
                    "year": 2021,
                    "day": 27,
                    "minute": 0
                }
            ]},
            {"dueDate": [
                {
                    "month": 8,
                    "hour": 3,
                    "year": 2021,
                    "day": 29,
                    "minute": 0
                },
                {
                    "month": 8,
                    "hour": 4,
                    "year": 2021,
                    "day": 29,
                    "minute": 0
                }
            ]},
            {"dueDate": [
                {
                    "month": 9,
                    "hour": 3,
                    "year": 2021,
                    "day": 1,
                    "minute": 0
                },
                {
                    "month": 9,
                    "hour": 4,
                    "year": 2021,
                    "day": 1,
                    "minute": 0
                }
            ]},
            {"dueDate": [
                {
                    "month": 9,
                    "hour": 3,
                    "year": 2021,
                    "day": 4,
                    "minute": 0
                },
                {
                    "month": 9,
                    "hour": 4,
                    "year": 2021,
                    "day": 4,
                    "minute": 0
                }
            ]},
            {"dueDate": [
                {
                    "month": 9,
                    "hour": 3,
                    "year": 2021,
                    "day": 6,
                    "minute": 0
                },
                {
                    "month": 9,
                    "hour": 4,
                    "year": 2021,
                    "day": 6,
                    "minute": 0
                }
            ]},
            {"dueDate": [
                {
                    "month": 9,
                    "hour": 3,
                    "year": 2021,
                    "day": 8,
                    "minute": 0
                },
                {
                    "month": 9,
                    "hour": 4,
                    "year": 2021,
                    "day": 8,
                    "minute": 0
                }
            ]},
            {"dueDate": [
                {
                    "month": 9,
                    "hour": 3,
                    "year": 2021,
                    "day": 11,
                    "minute": 0
                },
                {
                    "month": 9,
                    "hour": 4,
                    "year": 2021,
                    "day": 11,
                    "minute": 0
                }
            ]},
            {"dueDate": [
                {
                    "month": 9,
                    "hour": 3,
                    "year": 2021,
                    "day": 13,
                    "minute": 0
                },
                {
                    "month": 9,
                    "hour": 4,
                    "year": 2021,
                    "day": 13,
                    "minute": 0
                }
            ]},
            {"dueDate": [
                {
                    "month": 9,
                    "hour": 3,
                    "year": 2021,
                    "day": 15,
                    "minute": 0
                },
                {
                    "month": 9,
                    "hour": 4,
                    "year": 2021,
                    "day": 15,
                    "minute": 0
                }
            ]},
            {"dueDate": [
                {
                    "month": 9,
                    "hour": 3,
                    "year": 2021,
                    "day": 18,
                    "minute": 0
                },
                {
                    "month": 9,
                    "hour": 4,
                    "year": 2021,
                    "day": 18,
                    "minute": 0
                }
            ]},
            {"dueDate": [
                {
                    "month": 9,
                    "hour": 3,
                    "year": 2021,
                    "day": 20,
                    "minute": 0
                },
                {
                    "month": 9,
                    "hour": 4,
                    "year": 2021,
                    "day": 20,
                    "minute": 0
                }
            ]},
            {"dueDate": [
                {
                    "month": 9,
                    "hour": 3,
                    "year": 2021,
                    "day": 22,
                    "minute": 0
                },
                {
                    "month": 9,
                    "hour": 4,
                    "year": 2021,
                    "day": 22,
                    "minute": 0
                }
            ]},
            {"dueDate": [
                {
                    "month": 9,
                    "hour": 3,
                    "year": 2021,
                    "day": 25,
                    "minute": 0
                },
                {
                    "month": 9,
                    "hour": 4,
                    "year": 2021,
                    "day": 25,
                    "minute": 0
                }
            ]},
            {"dueDate": [
                {
                    "month": 9,
                    "hour": 3,
                    "year": 2021,
                    "day": 27,
                    "minute": 0
                },
                {
                    "month": 9,
                    "hour": 4,
                    "year": 2021,
                    "day": 27,
                    "minute": 0
                }
            ]},
            {"dueDate": [
                {
                    "month": 9,
                    "hour": 3,
                    "year": 2021,
                    "day": 29,
                    "minute": 0
                },
                {
                    "month": 9,
                    "hour": 4,
                    "year": 2021,
                    "day": 29,
                    "minute": 0
                }
            ]},
            {"dueDate": [
                {
                    "month": 10,
                    "hour": 3,
                    "year": 2021,
                    "day": 1,
                    "minute": 0
                },
                {
                    "month": 10,
                    "hour": 4,
                    "year": 2021,
                    "day": 1,
                    "minute": 0
                }
            ]},
            {"dueDate": [
                {
                    "month": 10,
                    "hour": 3,
                    "year": 2021,
                    "day": 3,
                    "minute": 0
                },
                {
                    "month": 10,
                    "hour": 4,
                    "year": 2021,
                    "day": 3,
                    "minute": 0
                }
            ]},
            {"dueDate": [
                {
                    "month": 10,
                    "hour": 3,
                    "year": 2021,
                    "day": 5,
                    "minute": 0
                },
                {
                    "month": 10,
                    "hour": 4,
                    "year": 2021,
                    "day": 5,
                    "minute": 0
                }
            ]},
            {"dueDate": [
                {
                    "month": 10,
                    "hour": 3,
                    "year": 2021,
                    "day": 8,
                    "minute": 0
                },
                {
                    "month": 10,
                    "hour": 4,
                    "year": 2021,
                    "day": 8,
                    "minute": 0
                }
            ]},
            {"dueDate": [
                {
                    "month": 10,
                    "hour": 3,
                    "year": 2021,
                    "day": 10,
                    "minute": 0
                },
                {
                    "month": 10,
                    "hour": 4,
                    "year": 2021,
                    "day": 10,
                    "minute": 0
                }
            ]},
            {"dueDate": [
                {
                    "month": 10,
                    "hour": 3,
                    "year": 2021,
                    "day": 12,
                    "minute": 0
                },
                {
                    "month": 10,
                    "hour": 4,
                    "year": 2021,
                    "day": 12,
                    "minute": 0
                }
            ]},
            {"dueDate": [
                {
                    "month": 10,
                    "hour": 3,
                    "year": 2021,
                    "day": 15,
                    "minute": 0
                },
                {
                    "month": 10,
                    "hour": 4,
                    "year": 2021,
                    "day": 15,
                    "minute": 0
                }
            ]},
            {"dueDate": [
                {
                    "month": 10,
                    "hour": 3,
                    "year": 2021,
                    "day": 17,
                    "minute": 0
                },
                {
                    "month": 10,
                    "hour": 4,
                    "year": 2021,
                    "day": 17,
                    "minute": 0
                }
            ]},
            {"dueDate": [
                {
                    "month": 10,
                    "hour": 3,
                    "year": 2021,
                    "day": 19,
                    "minute": 0
                },
                {
                    "month": 10,
                    "hour": 4,
                    "year": 2021,
                    "day": 19,
                    "minute": 0
                }
            ]},
            {"dueDate": [
                {
                    "month": 10,
                    "hour": 3,
                    "year": 2021,
                    "day": 22,
                    "minute": 0
                },
                {
                    "month": 10,
                    "hour": 4,
                    "year": 2021,
                    "day": 22,
                    "minute": 0
                }
            ]},
            {"dueDate": [
                {
                    "month": 10,
                    "hour": 3,
                    "year": 2021,
                    "day": 24,
                    "minute": 0
                },
                {
                    "month": 10,
                    "hour": 4,
                    "year": 2021,
                    "day": 24,
                    "minute": 0
                }
            ]},
            {"dueDate": [
                {
                    "month": 10,
                    "hour": 3,
                    "year": 2021,
                    "day": 26,
                    "minute": 0
                },
                {
                    "month": 10,
                    "hour": 4,
                    "year": 2021,
                    "day": 26,
                    "minute": 0
                }
            ]},
            {"dueDate": [
                {
                    "month": 10,
                    "hour": 3,
                    "year": 2021,
                    "day": 29,
                    "minute": 0
                },
                {
                    "month": 10,
                    "hour": 4,
                    "year": 2021,
                    "day": 29,
                    "minute": 0
                }
            ]},
            {"dueDate": [
                {
                    "month": 11,
                    "hour": 3,
                    "year": 2021,
                    "day": 1,
                    "minute": 0
                },
                {
                    "month": 11,
                    "hour": 4,
                    "year": 2021,
                    "day": 1,
                    "minute": 0
                }
            ]},
            {"dueDate": [
                {
                    "month": 11,
                    "hour": 3,
                    "year": 2021,
                    "day": 3,
                    "minute": 0
                },
                {
                    "month": 11,
                    "hour": 4,
                    "year": 2021,
                    "day": 3,
                    "minute": 0
                }
            ]},
            {"dueDate": [
                {
                    "month": 11,
                    "hour": 3,
                    "year": 2021,
                    "day": 6,
                    "minute": 0
                },
                {
                    "month": 11,
                    "hour": 4,
                    "year": 2021,
                    "day": 6,
                    "minute": 0
                }
            ]},
            {"dueDate": [
                {
                    "month": 11,
                    "hour": 3,
                    "year": 2021,
                    "day": 8,
                    "minute": 0
                },
                {
                    "month": 11,
                    "hour": 4,
                    "year": 2021,
                    "day": 8,
                    "minute": 0
                }
            ]},
            {"dueDate": [
                {
                    "month": 11,
                    "hour": 3,
                    "year": 2021,
                    "day": 10,
                    "minute": 0
                },
                {
                    "month": 11,
                    "hour": 4,
                    "year": 2021,
                    "day": 10,
                    "minute": 0
                }
            ]},
            {"dueDate": [
                {
                    "month": 11,
                    "hour": 3,
                    "year": 2021,
                    "day": 13,
                    "minute": 0
                },
                {
                    "month": 11,
                    "hour": 4,
                    "year": 2021,
                    "day": 13,
                    "minute": 0
                }
            ]}
        ]
    },
    {
        "profName": "Marcia Graves",
        "assignments": [],
        "exams": [{
            "examDate": {"dueDate": [
                {
                    "month": 11,
                    "hour": 3,
                    "year": 2021,
                    "day": 16,
                    "minute": 30
                },
                {
                    "month": 11,
                    "hour": 5,
                    "year": 2021,
                    "day": 16,
                    "minute": 30
                }
            ]},
            "examName": "MICB 306 Final",
            "weight": 45
        }],
        "className": "MICB 306",
        "classTimes": [
            {"dueDate": [
                {
                    "month": 8,
                    "hour": 9,
                    "year": 2021,
                    "day": 7,
                    "minute": 30
                },
                {
                    "month": 8,
                    "hour": 11,
                    "year": 2021,
                    "day": 7,
                    "minute": 0
                }
            ]},
            {"dueDate": [
                {
                    "month": 8,
                    "hour": 9,
                    "year": 2021,
                    "day": 9,
                    "minute": 30
                },
                {
                    "month": 8,
                    "hour": 11,
                    "year": 2021,
                    "day": 9,
                    "minute": 0
                }
            ]},
            {"dueDate": [
                {
                    "month": 8,
                    "hour": 9,
                    "year": 2021,
                    "day": 14,
                    "minute": 30
                },
                {
                    "month": 8,
                    "hour": 11,
                    "year": 2021,
                    "day": 14,
                    "minute": 0
                }
            ]},
            {"dueDate": [
                {
                    "month": 8,
                    "hour": 9,
                    "year": 2021,
                    "day": 16,
                    "minute": 30
                },
                {
                    "month": 8,
                    "hour": 11,
                    "year": 2021,
                    "day": 16,
                    "minute": 0
                }
            ]},
            {"dueDate": [
                {
                    "month": 8,
                    "hour": 9,
                    "year": 2021,
                    "day": 21,
                    "minute": 30
                },
                {
                    "month": 8,
                    "hour": 11,
                    "year": 2021,
                    "day": 21,
                    "minute": 0
                }
            ]},
            {"dueDate": [
                {
                    "month": 8,
                    "hour": 9,
                    "year": 2021,
                    "day": 23,
                    "minute": 30
                },
                {
                    "month": 8,
                    "hour": 11,
                    "year": 2021,
                    "day": 23,
                    "minute": 0
                }
            ]},
            {"dueDate": [
                {
                    "month": 8,
                    "hour": 9,
                    "year": 2021,
                    "day": 28,
                    "minute": 30
                },
                {
                    "month": 8,
                    "hour": 11,
                    "year": 2021,
                    "day": 28,
                    "minute": 0
                }
            ]},
            {"dueDate": [
                {
                    "month": 8,
                    "hour": 9,
                    "year": 2021,
                    "day": 30,
                    "minute": 30
                },
                {
                    "month": 8,
                    "hour": 11,
                    "year": 2021,
                    "day": 30,
                    "minute": 0
                }
            ]},
            {"dueDate": [
                {
                    "month": 9,
                    "hour": 9,
                    "year": 2021,
                    "day": 5,
                    "minute": 30
                },
                {
                    "month": 9,
                    "hour": 11,
                    "year": 2021,
                    "day": 5,
                    "minute": 0
                }
            ]},
            {"dueDate": [
                {
                    "month": 9,
                    "hour": 9,
                    "year": 2021,
                    "day": 7,
                    "minute": 30
                },
                {
                    "month": 9,
                    "hour": 11,
                    "year": 2021,
                    "day": 7,
                    "minute": 0
                }
            ]},
            {"dueDate": [
                {
                    "month": 9,
                    "hour": 9,
                    "year": 2021,
                    "day": 12,
                    "minute": 30
                },
                {
                    "month": 9,
                    "hour": 11,
                    "year": 2021,
                    "day": 12,
                    "minute": 0
                }
            ]},
            {"dueDate": [
                {
                    "month": 9,
                    "hour": 9,
                    "year": 2021,
                    "day": 14,
                    "minute": 30
                },
                {
                    "month": 9,
                    "hour": 11,
                    "year": 2021,
                    "day": 14,
                    "minute": 0
                }
            ]},
            {"dueDate": [
                {
                    "month": 9,
                    "hour": 9,
                    "year": 2021,
                    "day": 19,
                    "minute": 30
                },
                {
                    "month": 9,
                    "hour": 11,
                    "year": 2021,
                    "day": 19,
                    "minute": 0
                }
            ]},
            {"dueDate": [
                {
                    "month": 9,
                    "hour": 9,
                    "year": 2021,
                    "day": 21,
                    "minute": 30
                },
                {
                    "month": 9,
                    "hour": 11,
                    "year": 2021,
                    "day": 21,
                    "minute": 0
                }
            ]},
            {"dueDate": [
                {
                    "month": 9,
                    "hour": 9,
                    "year": 2021,
                    "day": 26,
                    "minute": 30
                },
                {
                    "month": 9,
                    "hour": 11,
                    "year": 2021,
                    "day": 26,
                    "minute": 0
                }
            ]},
            {"dueDate": [
                {
                    "month": 9,
                    "hour": 9,
                    "year": 2021,
                    "day": 28,
                    "minute": 30
                },
                {
                    "month": 9,
                    "hour": 11,
                    "year": 2021,
                    "day": 28,
                    "minute": 0
                }
            ]},
            {"dueDate": [
                {
                    "month": 10,
                    "hour": 9,
                    "year": 2021,
                    "day": 2,
                    "minute": 30
                },
                {
                    "month": 10,
                    "hour": 11,
                    "year": 2021,
                    "day": 2,
                    "minute": 0
                }
            ]},
            {"dueDate": [
                {
                    "month": 10,
                    "hour": 9,
                    "year": 2021,
                    "day": 4,
                    "minute": 30
                },
                {
                    "month": 10,
                    "hour": 11,
                    "year": 2021,
                    "day": 4,
                    "minute": 0
                }
            ]},
            {"dueDate": [
                {
                    "month": 10,
                    "hour": 9,
                    "year": 2021,
                    "day": 9,
                    "minute": 30
                },
                {
                    "month": 10,
                    "hour": 11,
                    "year": 2021,
                    "day": 9,
                    "minute": 0
                }
            ]},
            {"dueDate": [
                {
                    "month": 10,
                    "hour": 9,
                    "year": 2021,
                    "day": 11,
                    "minute": 30
                },
                {
                    "month": 10,
                    "hour": 11,
                    "year": 2021,
                    "day": 11,
                    "minute": 0
                }
            ]},
            {"dueDate": [
                {
                    "month": 10,
                    "hour": 9,
                    "year": 2021,
                    "day": 16,
                    "minute": 30
                },
                {
                    "month": 10,
                    "hour": 11,
                    "year": 2021,
                    "day": 16,
                    "minute": 0
                }
            ]},
            {"dueDate": [
                {
                    "month": 10,
                    "hour": 9,
                    "year": 2021,
                    "day": 18,
                    "minute": 30
                },
                {
                    "month": 10,
                    "hour": 11,
                    "year": 2021,
                    "day": 18,
                    "minute": 0
                }
            ]},
            {"dueDate": [
                {
                    "month": 10,
                    "hour": 9,
                    "year": 2021,
                    "day": 23,
                    "minute": 30
                },
                {
                    "month": 10,
                    "hour": 11,
                    "year": 2021,
                    "day": 23,
                    "minute": 0
                }
            ]},
            {"dueDate": [
                {
                    "month": 10,
                    "hour": 9,
                    "year": 2021,
                    "day": 25,
                    "minute": 30
                },
                {
                    "month": 10,
                    "hour": 11,
                    "year": 2021,
                    "day": 25,
                    "minute": 0
                }
            ]},
            {"dueDate": [
                {
                    "month": 10,
                    "hour": 9,
                    "year": 2021,
                    "day": 30,
                    "minute": 30
                },
                {
                    "month": 10,
                    "hour": 11,
                    "year": 2021,
                    "day": 30,
                    "minute": 0
                }
            ]},
            {"dueDate": [
                {
                    "month": 11,
                    "hour": 9,
                    "year": 2021,
                    "day": 2,
                    "minute": 30
                },
                {
                    "month": 11,
                    "hour": 11,
                    "year": 2021,
                    "day": 2,
                    "minute": 0
                }
            ]},
            {"dueDate": [
                {
                    "month": 11,
                    "hour": 9,
                    "year": 2021,
                    "day": 7,
                    "minute": 30
                },
                {
                    "month": 11,
                    "hour": 11,
                    "year": 2021,
                    "day": 7,
                    "minute": 0
                }
            ]},
            {"dueDate": [
                {
                    "month": 11,
                    "hour": 9,
                    "year": 2021,
                    "day": 9,
                    "minute": 30
                },
                {
                    "month": 11,
                    "hour": 11,
                    "year": 2021,
                    "day": 9,
                    "minute": 0
                }
            ]}
        ]
    },
    {
        "profName": "TA",
        "assignments": [],
        "exams": [],
        "className": "CPSC 210: L1B",
        "classTimes": [
            {"dueDate": [
                {
                    "month": 8,
                    "hour": 1,
                    "year": 2021,
                    "day": 7,
                    "minute": 0
                },
                {
                    "month": 8,
                    "hour": 3,
                    "year": 2021,
                    "day": 7,
                    "minute": 0
                }
            ]},
            {"dueDate": [
                {
                    "month": 8,
                    "hour": 1,
                    "year": 2021,
                    "day": 14,
                    "minute": 0
                },
                {
                    "month": 8,
                    "hour": 3,
                    "year": 2021,
                    "day": 14,
                    "minute": 0
                }
            ]},
            {"dueDate": [
                {
                    "month": 8,
                    "hour": 1,
                    "year": 2021,
                    "day": 21,
                    "minute": 0
                },
                {
                    "month": 8,
                    "hour": 3,
                    "year": 2021,
                    "day": 21,
                    "minute": 0
                }
            ]},
            {"dueDate": [
                {
                    "month": 8,
                    "hour": 1,
                    "year": 2021,
                    "day": 28,
                    "minute": 0
                },
                {
                    "month": 8,
                    "hour": 3,
                    "year": 2021,
                    "day": 28,
                    "minute": 0
                }
            ]},
            {"dueDate": [
                {
                    "month": 9,
                    "hour": 1,
                    "year": 2021,
                    "day": 5,
                    "minute": 0
                },
                {
                    "month": 9,
                    "hour": 3,
                    "year": 2021,
                    "day": 5,
                    "minute": 0
                }
            ]},
            {"dueDate": [
                {
                    "month": 9,
                    "hour": 1,
                    "year": 2021,
                    "day": 12,
                    "minute": 0
                },
                {
                    "month": 9,
                    "hour": 3,
                    "year": 2021,
                    "day": 12,
                    "minute": 0
                }
            ]},
            {"dueDate": [
                {
                    "month": 9,
                    "hour": 1,
                    "year": 2021,
                    "day": 19,
                    "minute": 0
                },
                {
                    "month": 9,
                    "hour": 3,
                    "year": 2021,
                    "day": 19,
                    "minute": 0
                }
            ]},
            {"dueDate": [
                {
                    "month": 9,
                    "hour": 1,
                    "year": 2021,
                    "day": 26,
                    "minute": 0
                },
                {
                    "month": 9,
                    "hour": 3,
                    "year": 2021,
                    "day": 26,
                    "minute": 0
                }
            ]},
            {"dueDate": [
                {
                    "month": 10,
                    "hour": 1,
                    "year": 2021,
                    "day": 2,
                    "minute": 0
                },
                {
                    "month": 10,
                    "hour": 3,
                    "year": 2021,
                    "day": 2,
                    "minute": 0
                }
            ]},
            {"dueDate": [
                {
                    "month": 10,
                    "hour": 1,
                    "year": 2021,
                    "day": 9,
                    "minute": 0
                },
                {
                    "month": 10,
                    "hour": 3,
                    "year": 2021,
                    "day": 9,
                    "minute": 0
                }
            ]},
            {"dueDate": [
                {
                    "month": 10,
                    "hour": 1,
                    "year": 2021,
                    "day": 16,
                    "minute": 0
                },
                {
                    "month": 10,
                    "hour": 3,
                    "year": 2021,
                    "day": 16,
                    "minute": 0
                }
            ]},
            {"dueDate": [
                {
                    "month": 10,
                    "hour": 1,
                    "year": 2021,
                    "day": 23,
                    "minute": 0
                },
                {
                    "month": 10,
                    "hour": 3,
                    "year": 2021,
                    "day": 23,
                    "minute": 0
                }
            ]},
            {"dueDate": [
                {
                    "month": 10,
                    "hour": 1,
                    "year": 2021,
                    "day": 30,
                    "minute": 0
                },
                {
                    "month": 10,
                    "hour": 3,
                    "year": 2021,
                    "day": 30,
                    "minute": 0
                }
            ]},
            {"dueDate": [
                {
                    "month": 11,
                    "hour": 1,
                    "year": 2021,
                    "day": 7,
                    "minute": 0
                },
                {
                    "month": 11,
                    "hour": 3,
                    "year": 2021,
                    "day": 7,
                    "minute": 0
                }
            ]}
        ]
    },
    {
        "profName": "TA",
        "assignments": [],
        "exams": [],
        "className": "MICB 306: T06",
        "classTimes": [
            {"dueDate": [
                {
                    "month": 8,
                    "hour": 0,
                    "year": 2021,
                    "day": 9,
                    "minute": 30
                },
                {
                    "month": 8,
                    "hour": 1,
                    "year": 2021,
                    "day": 9,
                    "minute": 30
                }
            ]},
            {"dueDate": [
                {
                    "month": 8,
                    "hour": 0,
                    "year": 2021,
                    "day": 16,
                    "minute": 30
                },
                {
                    "month": 8,
                    "hour": 1,
                    "year": 2021,
                    "day": 16,
                    "minute": 30
                }
            ]},
            {"dueDate": [
                {
                    "month": 8,
                    "hour": 0,
                    "year": 2021,
                    "day": 23,
                    "minute": 30
                },
                {
                    "month": 8,
                    "hour": 1,
                    "year": 2021,
                    "day": 23,
                    "minute": 30
                }
            ]},
            {"dueDate": [
                {
                    "month": 8,
                    "hour": 0,
                    "year": 2021,
                    "day": 30,
                    "minute": 30
                },
                {
                    "month": 8,
                    "hour": 1,
                    "year": 2021,
                    "day": 30,
                    "minute": 30
                }
            ]},
            {"dueDate": [
                {
                    "month": 9,
                    "hour": 0,
                    "year": 2021,
                    "day": 7,
                    "minute": 30
                },
                {
                    "month": 9,
                    "hour": 1,
                    "year": 2021,
                    "day": 7,
                    "minute": 30
                }
            ]},
            {"dueDate": [
                {
                    "month": 9,
                    "hour": 0,
                    "year": 2021,
                    "day": 14,
                    "minute": 30
                },
                {
                    "month": 9,
                    "hour": 1,
                    "year": 2021,
                    "day": 14,
                    "minute": 30
                }
            ]},
            {"dueDate": [
                {
                    "month": 9,
                    "hour": 0,
                    "year": 2021,
                    "day": 21,
                    "minute": 30
                },
                {
                    "month": 9,
                    "hour": 1,
                    "year": 2021,
                    "day": 21,
                    "minute": 30
                }
            ]},
            {"dueDate": [
                {
                    "month": 9,
                    "hour": 0,
                    "year": 2021,
                    "day": 28,
                    "minute": 30
                },
                {
                    "month": 9,
                    "hour": 1,
                    "year": 2021,
                    "day": 28,
                    "minute": 30
                }
            ]},
            {"dueDate": [
                {
                    "month": 10,
                    "hour": 0,
                    "year": 2021,
                    "day": 4,
                    "minute": 30
                },
                {
                    "month": 10,
                    "hour": 1,
                    "year": 2021,
                    "day": 4,
                    "minute": 30
                }
            ]},
            {"dueDate": [
                {
                    "month": 10,
                    "hour": 0,
                    "year": 2021,
                    "day": 11,
                    "minute": 30
                },
                {
                    "month": 10,
                    "hour": 1,
                    "year": 2021,
                    "day": 11,
                    "minute": 30
                }
            ]},
            {"dueDate": [
                {
                    "month": 10,
                    "hour": 0,
                    "year": 2021,
                    "day": 18,
                    "minute": 30
                },
                {
                    "month": 10,
                    "hour": 1,
                    "year": 2021,
                    "day": 18,
                    "minute": 30
                }
            ]},
            {"dueDate": [
                {
                    "month": 10,
                    "hour": 0,
                    "year": 2021,
                    "day": 25,
                    "minute": 30
                },
                {
                    "month": 10,
                    "hour": 1,
                    "year": 2021,
                    "day": 25,
                    "minute": 30
                }
            ]},
            {"dueDate": [
                {
                    "month": 11,
                    "hour": 0,
                    "year": 2021,
                    "day": 2,
                    "minute": 30
                },
                {
                    "month": 11,
                    "hour": 1,
                    "year": 2021,
                    "day": 2,
                    "minute": 30
                }
            ]},
            {"dueDate": [
                {
                    "month": 11,
                    "hour": 0,
                    "year": 2021,
                    "day": 9,
                    "minute": 30
                },
                {
                    "month": 11,
                    "hour": 1,
                    "year": 2021,
                    "day": 9,
                    "minute": 30
                }
            ]}
        ]
    },
    {
        "profName": "TA",
        "assignments": [],
        "exams": [],
        "className": "MICB 301: T03",
        "classTimes": [
            {"dueDate": [
                {
                    "month": 8,
                    "hour": 11,
                    "year": 2021,
                    "day": 10,
                    "minute": 0
                },
                {
                    "month": 8,
                    "hour": 0,
                    "year": 2021,
                    "day": 10,
                    "minute": 0
                }
            ]},
            {"dueDate": [
                {
                    "month": 8,
                    "hour": 11,
                    "year": 2021,
                    "day": 17,
                    "minute": 0
                },
                {
                    "month": 8,
                    "hour": 0,
                    "year": 2021,
                    "day": 17,
                    "minute": 0
                }
            ]},
            {"dueDate": [
                {
                    "month": 8,
                    "hour": 11,
                    "year": 2021,
                    "day": 24,
                    "minute": 0
                },
                {
                    "month": 8,
                    "hour": 0,
                    "year": 2021,
                    "day": 24,
                    "minute": 0
                }
            ]},
            {"dueDate": [
                {
                    "month": 9,
                    "hour": 11,
                    "year": 2021,
                    "day": 1,
                    "minute": 0
                },
                {
                    "month": 9,
                    "hour": 0,
                    "year": 2021,
                    "day": 1,
                    "minute": 0
                }
            ]},
            {"dueDate": [
                {
                    "month": 9,
                    "hour": 11,
                    "year": 2021,
                    "day": 8,
                    "minute": 0
                },
                {
                    "month": 9,
                    "hour": 0,
                    "year": 2021,
                    "day": 8,
                    "minute": 0
                }
            ]},
            {"dueDate": [
                {
                    "month": 9,
                    "hour": 11,
                    "year": 2021,
                    "day": 15,
                    "minute": 0
                },
                {
                    "month": 9,
                    "hour": 0,
                    "year": 2021,
                    "day": 15,
                    "minute": 0
                }
            ]},
            {"dueDate": [
                {
                    "month": 9,
                    "hour": 11,
                    "year": 2021,
                    "day": 22,
                    "minute": 0
                },
                {
                    "month": 9,
                    "hour": 0,
                    "year": 2021,
                    "day": 22,
                    "minute": 0
                }
            ]},
            {"dueDate": [
                {
                    "month": 9,
                    "hour": 11,
                    "year": 2021,
                    "day": 29,
                    "minute": 0
                },
                {
                    "month": 9,
                    "hour": 0,
                    "year": 2021,
                    "day": 29,
                    "minute": 0
                }
            ]},
            {"dueDate": [
                {
                    "month": 10,
                    "hour": 11,
                    "year": 2021,
                    "day": 5,
                    "minute": 0
                },
                {
                    "month": 10,
                    "hour": 0,
                    "year": 2021,
                    "day": 5,
                    "minute": 0
                }
            ]},
            {"dueDate": [
                {
                    "month": 10,
                    "hour": 11,
                    "year": 2021,
                    "day": 12,
                    "minute": 0
                },
                {
                    "month": 10,
                    "hour": 0,
                    "year": 2021,
                    "day": 12,
                    "minute": 0
                }
            ]},
            {"dueDate": [
                {
                    "month": 10,
                    "hour": 11,
                    "year": 2021,
                    "day": 19,
                    "minute": 0
                },
                {
                    "month": 10,
                    "hour": 0,
                    "year": 2021,
                    "day": 19,
                    "minute": 0
                }
            ]},
            {"dueDate": [
                {
                    "month": 10,
                    "hour": 11,
                    "year": 2021,
                    "day": 26,
                    "minute": 0
                },
                {
                    "month": 10,
                    "hour": 0,
                    "year": 2021,
                    "day": 26,
                    "minute": 0
                }
            ]},
            {"dueDate": [
                {
                    "month": 11,
                    "hour": 11,
                    "year": 2021,
                    "day": 3,
                    "minute": 0
                },
                {
                    "month": 11,
                    "hour": 0,
                    "year": 2021,
                    "day": 3,
                    "minute": 0
                }
            ]},
            {"dueDate": [
                {
                    "month": 11,
                    "hour": 11,
                    "year": 2021,
                    "day": 10,
                    "minute": 0
                },
                {
                    "month": 11,
                    "hour": 0,
                    "year": 2021,
                    "day": 10,
                    "minute": 0
                }
            ]}
        ]
    }
]}